{
  "Ansi 5 Color" : {
    "Red Component" : 0.90026551485061646,
    "Color Space" : "sRGB",
    "Blue Component" : 0.31784602999687195,
    "Alpha Component" : 1,
    "Green Component" : 0.62192791700363159
  },
  "Tags" : [

  ],
  "Ansi 12 Color" : {
    "Red Component" : 0.48278617858886719,
    "Color Space" : "sRGB",
    "Blue Component" : 0.76372611522674561,
    "Alpha Component" : 1,
    "Green Component" : 0.39225655794143677
  },
  "Ansi 6 Color" : {
    "Red Component" : 0.16630351543426514,
    "Color Space" : "sRGB",
    "Blue Component" : 0.90495491027832031,
    "Alpha Component" : 1,
    "Green Component" : 0.71581572294235229
  },
  "Draw Powerline Glyphs" : true,
  "Bold Color" : {
    "Red Component" : 0.72209089994430542,
    "Color Space" : "sRGB",
    "Blue Component" : 0.994781494140625,
    "Alpha Component" : 1,
    "Green Component" : 0.45485019683837891
  },
  "Ansi 7 Color" : {
    "Red Component" : 0.60664618015289307,
    "Color Space" : "sRGB",
    "Blue Component" : 0.93364596366882324,
    "Alpha Component" : 1,
    "Green Component" : 0.51802802085876465
  },
  "Normal Font" : "Menlo-Regular 14",
  "Ansi 2 Color" : {
    "Red Component" : 0,
    "Color Space" : "sRGB",
    "Blue Component" : 0.85882353782653809,
    "Alpha Component" : 1,
    "Green Component" : 0.73725491762161255
  },
  "Rows" : 25,
  "Default Bookmark" : "No",
  "Link Color" : {
    "Red Component" : 0,
    "Color Space" : "sRGB",
    "Blue Component" : 0.73422712087631226,
    "Alpha Component" : 1,
    "Green Component" : 0.35915297269821167
  },
  "Guid" : "1F740B26-CDDC-4942-8E89-B0F4609975E3",
  "Cursor Guide Color" : {
    "Red Component" : 0.11764705926179886,
    "Color Space" : "sRGB",
    "Blue Component" : 0.18431372940540314,
    "Alpha Component" : 0.16518402099609375,
    "Green Component" : 0.12549020349979401
  },
  "Non-ASCII Anti Aliased" : true,
  "Use Bright Bold" : true,
  "Show Mark Indicators" : false,
  "Ansi 10 Color" : {
    "Red Component" : 0.30575469136238098,
    "Color Space" : "sRGB",
    "Blue Component" : 0.87633383274078369,
    "Alpha Component" : 1,
    "Green Component" : 0.95604705810546875
  },
  "Ambiguous Double Width" : false,
  "Jobs to Ignore" : [
    "rlogin",
    "ssh",
    "slogin",
    "telnet"
  ],
  "Ansi 15 Color" : {
    "Red Component" : 0.93329107761383057,
    "Color Space" : "sRGB",
    "Blue Component" : 1,
    "Alpha Component" : 1,
    "Green Component" : 0.91992408037185669
  },
  "Foreground Color" : {
    "Red Component" : 0.73333334922790527,
    "Color Space" : "sRGB",
    "Blue Component" : 0.96470588445663452,
    "Alpha Component" : 1,
    "Green Component" : 0.7764706015586853
  },
  "Working Directory" : "\/Users\/max",
  "Blinking Cursor" : false,
  "Disable Window Resizing" : true,
  "Sync Title" : false,
  "Prompt Before Closing 2" : false,
  "BM Growl" : true,
  "Command" : "",
  "Description" : "Default",
  "Mouse Reporting" : true,
  "Screen" : -1,
  "Selection Color" : {
    "Red Component" : 0.27055808901786804,
    "Color Space" : "sRGB",
    "Blue Component" : 0.34796613454818726,
    "Alpha Component" : 1,
    "Green Component" : 0.25685542821884155
  },
  "Only The Default BG Color Uses Transparency" : true,
  "Columns" : 80,
  "Idle Code" : 0,
  "Ansi 13 Color" : {
    "Red Component" : 0.90026551485061646,
    "Color Space" : "sRGB",
    "Blue Component" : 0.31784602999687195,
    "Alpha Component" : 1,
    "Green Component" : 0.62192791700363159
  },
  "Cursor Shadow" : false,
  "Custom Command" : "No",
  "ASCII Anti Aliased" : true,
  "Non Ascii Font" : "Monaco 12",
  "Vertical Spacing" : 1,
  "Use Bold Font" : true,
  "Option Key Sends" : 0,
  "Selected Text Color" : {
    "Red Component" : 0.76881951093673706,
    "Color Space" : "sRGB",
    "Blue Component" : 1,
    "Alpha Component" : 1,
    "Green Component" : 0.71034401655197144
  },
  "Background Color" : {
    "Red Component" : 0.10196078568696976,
    "Color Space" : "sRGB",
    "Blue Component" : 0.15294118225574493,
    "Alpha Component" : 1,
    "Green Component" : 0.10588235408067703
  },
  "Character Encoding" : 4,
  "Ansi 11 Color" : {
    "Red Component" : 0.88168102502822876,
    "Color Space" : "sRGB",
    "Blue Component" : 0.50585848093032837,
    "Alpha Component" : 1,
    "Green Component" : 0.76385921239852905
  },
  "Thin Strokes" : 4,
  "Use Italic Font" : true,
  "Unlimited Scrollback" : false,
  "Keyboard Map" : {
    "0xf702-0x300000" : {
      "Action" : 11,
      "Text" : "0x1"
    },
    "0x39-0x200000" : {
      "Action" : 12,
      "Text" : "9"
    },
    "0xf703-0x300000" : {
      "Action" : 11,
      "Text" : "0x5"
    },
    "0xf702-0x280000" : {
      "Action" : 10,
      "Text" : "b"
    },
    "0xf703-0x280000" : {
      "Action" : 10,
      "Text" : "f"
    },
    "0x38-0x200000" : {
      "Action" : 12,
      "Text" : "8"
    },
    "0x2d-0x200000" : {
      "Action" : 12,
      "Text" : "-"
    },
    "0x3-0x200000" : {
      "Action" : 11,
      "Text" : "0xd"
    },
    "0x37-0x200000" : {
      "Action" : 12,
      "Text" : "7"
    },
    "0xf728-0x0" : {
      "Action" : 11,
      "Text" : "0x4"
    },
    "0x32-0x200000" : {
      "Action" : 12,
      "Text" : "2"
    },
    "0x31-0x200000" : {
      "Action" : 12,
      "Text" : "1"
    },
    "0x36-0x200000" : {
      "Action" : 12,
      "Text" : "6"
    },
    "0xf739-0x0" : {
      "Action" : 13,
      "Text" : ""
    },
    "0xf728-0x80000" : {
      "Action" : 10,
      "Text" : "d"
    },
    "0x30-0x200000" : {
      "Action" : 12,
      "Text" : "0"
    },
    "0x2b-0x200000" : {
      "Action" : 12,
      "Text" : "+"
    },
    "0x35-0x200000" : {
      "Action" : 12,
      "Text" : "5"
    },
    "0x34-0x200000" : {
      "Action" : 12,
      "Text" : "4"
    },
    "0x2a-0x200000" : {
      "Action" : 12,
      "Text" : "*"
    },
    "0x2f-0x200000" : {
      "Action" : 12,
      "Text" : "\/"
    },
    "0x33-0x200000" : {
      "Action" : 12,
      "Text" : "3"
    },
    "0x2e-0x200000" : {
      "Action" : 12,
      "Text" : "."
    },
    "0x7f-0x80000" : {
      "Action" : 11,
      "Text" : "0x1b 0x7f"
    },
    "0x7f-0x100000" : {
      "Action" : 11,
      "Text" : "0x15"
    }
  },
  "Window Type" : 0,
  "Blur Radius" : 10.311187744140625,
  "Cursor Type" : 1,
  "Blur" : true,
  "Blink Allowed" : false,
  "Badge Color" : {
    "Red Component" : 1,
    "Color Space" : "sRGB",
    "Blue Component" : 0,
    "Alpha Component" : 0.5,
    "Green Component" : 0.14910027384757996
  },
  "Scrollback Lines" : 1000,
  "Send Code When Idle" : false,
  "Close Sessions On End" : true,
  "Terminal Type" : "xterm-256color",
  "Visual Bell" : true,
  "Flashing Bell" : false,
  "Silence Bell" : false,
  "Ansi 14 Color" : {
    "Red Component" : 0.14186453819274902,
    "Color Space" : "sRGB",
    "Blue Component" : 0.97294497489929199,
    "Alpha Component" : 1,
    "Green Component" : 0.83598470687866211
  },
  "ASCII Ligatures" : false,
  "Cursor Text Color" : {
    "Red Component" : 0.16481414437294006,
    "Color Space" : "sRGB",
    "Blue Component" : 0.20559439063072205,
    "Alpha Component" : 1,
    "Green Component" : 0.15178018808364868
  },
  "Name" : "Default",
  "Match Background Color" : {
    "Red Component" : 1,
    "Color Space" : "P3",
    "Blue Component" : 0,
    "Alpha Component" : 1,
    "Green Component" : 1
  },
  "Shortcut" : "",
  "Minimum Contrast" : 0,
  "Tab Color" : {
    "Red Component" : 0.11764705926179886,
    "Color Space" : "sRGB",
    "Blue Component" : 0.21176470816135406,
    "Alpha Component" : 1,
    "Green Component" : 0.13725490868091583
  },
  "Ansi 0 Color" : {
    "Red Component" : 0.16481414437294006,
    "Color Space" : "sRGB",
    "Blue Component" : 0.20559439063072205,
    "Alpha Component" : 1,
    "Green Component" : 0.15178018808364868
  },
  "Cursor Color" : {
    "Red Component" : 0.69999998807907104,
    "Color Space" : "sRGB",